MAE_Speed,MSE_Speed,RMSE_Speed,MAE_Distance,Mean_Speed_Diff,Mean_Absolute_Jerk,Jerk_Variance,Distance_In_Range_Percent,param
1.9610575437545776,6.158708572387695,2.4816744327545166,1.050012179215749,10.076603672405083,0.6326314210891724,0.6453611254692078,73.25,auto
2.097661018371582,6.950328826904297,2.636347532272339,0.2870630345741908,10.161729261974491,2.143742084503174,6.295788764953613,85.33333333333334,0.01
2.1767947673797607,7.45535135269165,2.7304489612579346,4.661825024286906,10.085198361873626,1.6477373838424685,4.248189449310303,50.83333333333333,0.05
1.8785576820373533,5.759151935577393,2.3998234272003174,6.341307816505432,10.119294038414957,0.6100309491157532,0.5939319133758545,44.083333333333336,0.1
