metric,value
MAE_Speed,2.1847729682922363
MSE_Speed,7.6271514892578125
RMSE_Speed,2.7617297172546387
MAE_Distance,0.7157874015967051
Mean_Speed_Diff,10.16695463448763
Mean_Absolute_Jerk,0.33226388692855835
Jerk_Variance,0.18984024226665497
Distance_In_Range_Percent,85.75
