metric,value
MAE_Speed,2.097661018371582
MSE_Speed,6.950328826904297
RMSE_Speed,2.636347532272339
MAE_Distance,0.2870630345741908
Mean_Speed_Diff,10.161729261974493
Mean_Absolute_Jerk,2.143742084503174
Jerk_Variance,6.295788764953613
Distance_In_Range_Percent,85.33333333333334
