metric,value
MAE_Speed,1.9825297594070435
MSE_Speed,6.314806938171387
RMSE_Speed,2.512928009033203
MAE_Distance,0.0310521403948466
Mean_Speed_Diff,10.178158822258313
Mean_Absolute_Jerk,1.2652945518493652
Jerk_Variance,2.4573302268981934
Distance_In_Range_Percent,97.41666666666666
