timestep,average_reward,average_speed_error,average_distance_error,average_jerk
200,-573.13763,5.373923448975045,283.7688874616943,1.5336423
400,-766.40894,7.6891278900917825,379.2242851768863,1.8305703
600,-23896.475,60.76973087304974,11917.762373086298,0.84777176
800,-194.04211,4.236686092422395,94.81431312139404,1.088061
1000,-14.1632395,3.084343129102854,5.459968018310658,0.94179046
1200,-8.319447,2.7599472768621554,2.688319225037667,1.2013854
