metric,value
MAE_Speed,1.8166084289550781
MSE_Speed,5.197827339172363
RMSE_Speed,2.279874324798584
MAE_Distance,3.7725373983383177
Mean_Speed_Diff,10.174212592840195
Mean_Absolute_Jerk,0.3682595193386078
Jerk_Variance,0.22029215097427368
Distance_In_Range_Percent,51.416666666666664
