timestep,average_reward,average_speed_error,average_distance_error,average_jerk
400,-4822.045,15.743899229497975,2403.0660386951986,0.81482637
800,-475264.6,347.4709453850065,237458.52167874321,0.10646133
1200,-49.204502,3.9347880450012367,22.511084421226123,1.6388235
