MAE_Speed,MSE_Speed,RMSE_Speed,MAE_Distance,Mean_Speed_Diff,Mean_Absolute_Jerk,Jerk_Variance,Distance_In_Range_Percent,param
1.9973738193511963,6.450103759765625,2.539705514907837,0.0363273421923319,10.149161136746407,1.5032389163970947,3.2903401851654053,97.08333333333331,50
1.9250980615615845,5.845379829406738,2.41772198677063,9.390189979871112,10.238289230664572,0.3706362545490265,0.2241744995117187,35.333333333333336,100
1.9825297594070437,6.314806938171387,2.512928009033203,0.0310521403948466,10.178158822258313,1.2652945518493652,2.4573302268981934,97.41666666666666,200
1.816608428955078,5.197827339172363,2.279874324798584,3.7725373983383177,10.174212592840195,0.3682595193386078,0.2202921509742736,51.41666666666666,400
