metric,value
MAE_Speed,1.8885403871536255
MSE_Speed,5.759467124938965
RMSE_Speed,2.3998889923095703
MAE_Distance,13.983308493296306
Mean_Speed_Diff,10.26142809430758
Mean_Absolute_Jerk,0.13501067459583282
Jerk_Variance,0.029103409498929977
Distance_In_Range_Percent,31.75
