metric,value
MAE_Speed,2.020777463912964
MSE_Speed,6.439610958099365
RMSE_Speed,2.5376389026641846
MAE_Distance,0.13919349551200866
Mean_Speed_Diff,10.180465602676074
Mean_Absolute_Jerk,0.7096906304359436
Jerk_Variance,0.8105322122573853
Distance_In_Range_Percent,94.25
