metric,value
MAE_Speed,2.0206286907196045
MSE_Speed,6.429948806762695
RMSE_Speed,2.5357344150543213
MAE_Distance,0.19965317686398823
Mean_Speed_Diff,1.9634464769250553
Mean_Absolute_Jerk,0.4573684632778168
Jerk_Variance,0.32840749621391296
Distance_In_Range_Percent,91.75
