metric,value
MAE_Speed,16.3948917388916
MSE_Speed,607.2117919921875
RMSE_Speed,24.64166831970215
MAE_Distance,2123.2219118158023
Mean_Speed_Diff,11.425373661915462
Mean_Absolute_Jerk,0.055245932191610336
Jerk_Variance,0.029673593118786812
Distance_In_Range_Percent,2.083333333333333
