metric,value
MAE_Speed,8.508498191833496
MSE_Speed,95.29927825927734
RMSE_Speed,9.762134552001953
MAE_Distance,436.4743461302916
Mean_Speed_Diff,8.500834191993532
Mean_Absolute_Jerk,0.002448716666549444
Jerk_Variance,9.295199561165646e-06
Distance_In_Range_Percent,1.3333333333333335
