metric,value
MAE_Speed,8.486181259155273
MSE_Speed,95.78353881835938
RMSE_Speed,9.786906242370605
MAE_Distance,408.91573856969677
Mean_Speed_Diff,10.486494189526226
Mean_Absolute_Jerk,0.006307282485067844
Jerk_Variance,5.707754462491721e-05
Distance_In_Range_Percent,1.4166666666666665
