metric,value
MAE_Speed,2.066354274749756
MSE_Speed,6.725130081176758
RMSE_Speed,2.59328556060791
MAE_Distance,0.34016749302546184
Mean_Speed_Diff,10.160765515168508
Mean_Absolute_Jerk,0.9157851338386536
Jerk_Variance,1.3394699096679688
Distance_In_Range_Percent,89.83333333333333
