metric,value
MAE_Speed,1.9965051412582397
MSE_Speed,6.14376974105835
RMSE_Speed,2.4786629676818848
MAE_Distance,0.7744794831673304
Mean_Speed_Diff,1.9364107159808341
Mean_Absolute_Jerk,0.30400699377059937
Jerk_Variance,0.14617589116096497
Distance_In_Range_Percent,75.08333333333333
