metric,value
MAE_Speed,2.0019328594207764
MSE_Speed,6.308847427368164
RMSE_Speed,2.511741876602173
MAE_Distance,0.036888712843259175
Mean_Speed_Diff,10.096272184650104
Mean_Absolute_Jerk,0.8317483067512512
Jerk_Variance,1.1143726110458374
Distance_In_Range_Percent,97.16666666666667
