metric,value
MAE_Speed,2.1406922340393066
MSE_Speed,7.223325252532959
RMSE_Speed,2.687624454498291
MAE_Distance,0.038677255113919576
Mean_Speed_Diff,2.093632653422491
Mean_Absolute_Jerk,0.8883097171783447
Jerk_Variance,1.319635272026062
Distance_In_Range_Percent,97.75
