MAE_Speed,MSE_Speed,RMSE_Speed,MAE_Distance,Mean_Speed_Diff,Mean_Absolute_Jerk,Jerk_Variance,Distance_In_Range_Percent,param
1.9019689559936523,5.705525875091553,2.38862419128418,1.069717442591985,10.067820802032948,0.3745262622833252,0.2273251116275787,72.33333333333334,0.9
2.097623825073242,7.053091526031494,2.6557657718658447,0.1644410000244776,10.307693999111653,1.397710919380188,3.093299627304077,89.25,0.95
1.915496826171875,5.638758182525635,2.374606847763061,0.3082703936100006,10.130093876123428,0.3516924679279327,0.188138261437416,88.08333333333334,0.99
1.8885403871536253,5.759467124938965,2.3998889923095703,13.983308493296306,10.26142809430758,0.1350106745958328,0.0291034094989299,31.75,0.999
