metric,value
MAE_Speed,1190.9930419921875
MSE_Speed,1899143.625
RMSE_Speed,1378.09423828125
MAE_Distance,474961.87196713965
Mean_Speed_Diff,1201.0
Mean_Absolute_Jerk,0.0016666667070239782
Jerk_Variance,0.0033305564429610968
Distance_In_Range_Percent,0.5833333333333334
