metric,value
MAE_Speed,10.116979598999023
MSE_Speed,119.07101440429688
RMSE_Speed,10.911966323852539
MAE_Distance,6259.55243736426
Mean_Speed_Diff,0.0
Mean_Absolute_Jerk,0.0033649750985205173
Jerk_Variance,5.831557064084336e-05
Distance_In_Range_Percent,0.08333333333333334
