MAE_Speed,MSE_Speed,RMSE_Speed,MAE_Distance,Mean_Speed_Diff,Mean_Absolute_Jerk,Jerk_Variance,Distance_In_Range_Percent,param
9.806548118591309,191.62437438964844,13.842845916748049,3281.0315080169835,9.82986971510005,0.1353495419025421,0.029170973226428,0.4166666666666667,small
3.465301513671875,20.66104888916016,4.545442581176758,123.27339776058992,3.517453526465799,0.085618145763874,0.0161048471927642,5.416666666666667,medium
2.4229085445404053,9.410442352294922,3.0676443576812744,17.621431789398194,2.38529313332685,0.2866007089614868,0.1525621712207794,5.416666666666667,large
1.99650514125824,6.14376974105835,2.4786629676818848,0.7744794831673304,1.936410715980834,0.3040069937705993,0.1461758911609649,75.08333333333333,xlarge
