metric,value
MAE_Speed,2.097623825073242
MSE_Speed,7.053091526031494
RMSE_Speed,2.6557657718658447
MAE_Distance,0.16444100002447765
Mean_Speed_Diff,10.307693999111653
Mean_Absolute_Jerk,1.397710919380188
Jerk_Variance,3.093299627304077
Distance_In_Range_Percent,89.25
