metric,value
MAE_Speed,2.036024332046509
MSE_Speed,6.873875141143799
RMSE_Speed,2.62180757522583
MAE_Distance,12.36465566476186
Mean_Speed_Diff,1.973636798730795
Mean_Absolute_Jerk,0.1324988752603531
Jerk_Variance,0.03284325450658798
Distance_In_Range_Percent,34.416666666666664
