metric,value
MAE_Speed,1.907538890838623
MSE_Speed,5.664987564086914
RMSE_Speed,2.3801233768463135
MAE_Distance,9.557886702219646
Mean_Speed_Diff,10.237354336380958
Mean_Absolute_Jerk,1.2442787885665894
Jerk_Variance,2.2518815994262695
Distance_In_Range_Percent,36.666666666666664
