metric,value
MAE_Speed,2.463543653488159
MSE_Speed,9.491439819335938
RMSE_Speed,3.080817937850952
MAE_Distance,0.5422242095073064
Mean_Speed_Diff,2.436848304529035
Mean_Absolute_Jerk,1.0092277526855469
Jerk_Variance,2.0351402759552
Distance_In_Range_Percent,79.08333333333334
