MAE_Speed,MSE_Speed,RMSE_Speed,MAE_Distance,Mean_Speed_Diff,Mean_Absolute_Jerk,Jerk_Variance,Distance_In_Range_Percent,param
10.116979598999023,119.07101440429688,10.91196632385254,6259.55243736426,0.0,0.0033649750985205,5.831557064084336e-05,0.0833333333333333,1e-05
2.1847729682922363,7.627151489257812,2.7617297172546387,0.7157874015967051,10.16695463448763,0.3322638869285583,0.1898402422666549,85.75,0.0001
2.067859411239624,6.68333101272583,2.5852138996124268,0.062994151910146,10.220891246199608,1.7189639806747437,4.21868896484375,95.91666666666666,0.001
1190.9930419921875,1899143.625,1378.09423828125,474961.87196713965,1201.0,0.0016666667070239,0.003330556442961,0.5833333333333334,0.01
