MAE_Speed,MSE_Speed,RMSE_Speed,MAE_Distance,Mean_Speed_Diff,Mean_Absolute_Jerk,Jerk_Variance,Distance_In_Range_Percent,param
2.0019328594207764,6.308847427368164,2.511741876602173,0.0368887128432591,10.096272184650104,0.8317483067512512,1.1143726110458374,97.16666666666669,64
2.002440452575684,6.389748573303223,2.5277953147888184,0.0594630821545918,10.239434661269188,0.5011556148529053,0.4041032791137695,96.0,128
2.1219844818115234,7.119792461395264,2.6682939529418945,0.0440699694554011,10.1960885622104,0.8779903054237366,1.2383089065551758,97.0,256
1.995043158531189,6.221829891204834,2.4943597316741943,0.0968642383813858,10.080624939600629,0.6789769530296326,0.7494630217552185,93.5,512
