metric,value
MAE_Speed,1.9250980615615845
MSE_Speed,5.845379829406738
RMSE_Speed,2.41772198677063
MAE_Distance,9.390189979871113
Mean_Speed_Diff,10.238289230664572
Mean_Absolute_Jerk,0.3706362545490265
Jerk_Variance,0.22417449951171875
Distance_In_Range_Percent,35.333333333333336
