metric,value
MAE_Speed,1.995043158531189
MSE_Speed,6.221829891204834
RMSE_Speed,2.4943597316741943
MAE_Distance,0.0968642383813858
Mean_Speed_Diff,10.080624939600627
Mean_Absolute_Jerk,0.6789769530296326
Jerk_Variance,0.7494630217552185
Distance_In_Range_Percent,93.5
