metric,value
MAE_Speed,2.1219844818115234
MSE_Speed,7.119792461395264
RMSE_Speed,2.6682939529418945
MAE_Distance,0.0440699694554011
Mean_Speed_Diff,10.1960885622104
Mean_Absolute_Jerk,0.8779903054237366
Jerk_Variance,1.2383089065551758
Distance_In_Range_Percent,97.0
