metric,value
MAE_Speed,2.067859411239624
MSE_Speed,6.68333101272583
RMSE_Speed,2.5852138996124268
MAE_Distance,0.06299415191014608
Mean_Speed_Diff,10.220891246199608
Mean_Absolute_Jerk,1.7189639806747437
Jerk_Variance,4.21868896484375
Distance_In_Range_Percent,95.91666666666666
