metric,value
MAE_Speed,4.603444576263428
MSE_Speed,31.969310760498047
RMSE_Speed,5.654140949249268
MAE_Distance,600.5889918359121
Mean_Speed_Diff,4.616845999236223
Mean_Absolute_Jerk,0.24185658991336823
Jerk_Variance,0.10428624600172043
Distance_In_Range_Percent,0.08333333333333334
