MAE_Speed,MSE_Speed,RMSE_Speed,MAE_Distance,Mean_Speed_Diff,Mean_Absolute_Jerk,Jerk_Variance,Distance_In_Range_Percent,param
2.0206286907196045,6.429948806762695,2.5357344150543213,0.1996531768639882,1.9634464769250557,0.4573684632778168,0.3284074962139129,91.75,SAC
8.508498191833496,95.29927825927734,9.762134552001951,436.4743461302916,8.500834191993532,0.0024487166665494,9.295199561165646e-06,1.3333333333333337,PPO
2.463543653488159,9.491439819335938,3.080817937850952,0.5422242095073064,2.436848304529035,1.0092277526855469,2.0351402759552,79.08333333333334,TD3
2.063827991485596,6.916300296783447,2.6298859119415283,0.4197012170155843,2.046042904466729,1.7253657579421997,4.425740718841553,85.83333333333333,DDPG
