MAE_Speed,MSE_Speed,RMSE_Speed,MAE_Distance,Mean_Speed_Diff,Mean_Absolute_Jerk,Jerk_Variance,Distance_In_Range_Percent,param
2.020777463912964,6.439610958099365,2.537638902664185,0.1391934955120086,10.180465602676074,0.7096906304359436,0.8105322122573853,94.25,SAC
818.3364868164062,1075659.625,1037.14013671875,271068.55745274224,827.2023137505414,0.0021960739977657,4.2382514948258176e-05,0.3333333333333333,PPO
10.125787734985352,118.98004913330078,10.907797813415527,6234.925818478267,0.0,0.0016666667070239,0.0033305555116385,0.0833333333333333,TD3
10.120903968811035,118.714111328125,10.895600318908691,6248.776084465981,0.0,0.0016666667070239,0.003330556442961,0.0833333333333333,DDPG
