metric,value
MAE_Speed,2.0309717655181885
MSE_Speed,6.583783149719238
RMSE_Speed,2.5658884048461914
MAE_Distance,0.517617476383845
Mean_Speed_Diff,10.165934545199077
Mean_Absolute_Jerk,2.046081781387329
Jerk_Variance,5.626118183135986
Distance_In_Range_Percent,80.16666666666666
