metric,value
MAE_Speed,10.120903968811035
MSE_Speed,118.714111328125
RMSE_Speed,10.895600318908691
MAE_Distance,6248.776084465981
Mean_Speed_Diff,0.0
Mean_Absolute_Jerk,0.0016666667070239782
Jerk_Variance,0.0033305564429610968
Distance_In_Range_Percent,0.08333333333333334
