metric,value
MAE_Speed,1.915496826171875
MSE_Speed,5.638758182525635
RMSE_Speed,2.3746068477630615
MAE_Distance,0.30827039361000064
Mean_Speed_Diff,10.130093876123428
Mean_Absolute_Jerk,0.35169246792793274
Jerk_Variance,0.18813826143741608
Distance_In_Range_Percent,88.08333333333334
