Parameter,Best Value,MAE_Speed,MAE_Distance,Mean_Absolute_Jerk,Distance_In_Range_Percent
algorithm,SAC,2.020777463912964,0.1391934955120086,0.7096906304359436,94.25
batch_size,128,2.002440452575684,0.0594630821545918,0.5011556148529053,96.0
chunk_size,200,1.982529759407044,0.0310521403948466,1.2652945518493652,97.41666666666666
entropy_coefficient,auto,1.9610575437545776,1.050012179215749,0.6326314210891724,73.25
gamma,0.99,1.915496826171875,0.3082703936100006,0.3516924679279327,88.08333333333334
learning_rate,0.0001,2.1847729682922363,0.7157874015967051,0.3322638869285583,85.75
network_architecture,medium,1.904707670211792,2.059901733398437,0.2432652860879898,66.16666666666666
