metric,value
MAE_Speed,3.465301513671875
MSE_Speed,20.661048889160156
RMSE_Speed,4.545442581176758
MAE_Distance,123.27339776058992
Mean_Speed_Diff,3.517453526465799
Mean_Absolute_Jerk,0.08561814576387405
Jerk_Variance,0.016104847192764282
Distance_In_Range_Percent,5.416666666666667
