metric,value
MAE_Speed,1.8785576820373535
MSE_Speed,5.759151935577393
RMSE_Speed,2.3998234272003174
MAE_Distance,6.341307816505432
Mean_Speed_Diff,10.119294038414955
Mean_Absolute_Jerk,0.6100309491157532
Jerk_Variance,0.5939319133758545
Distance_In_Range_Percent,44.083333333333336
