metric,value
MAE_Speed,2.0024404525756836
MSE_Speed,6.389748573303223
RMSE_Speed,2.5277953147888184
MAE_Distance,0.05946308215459188
Mean_Speed_Diff,10.239434661269188
Mean_Absolute_Jerk,0.5011556148529053
Jerk_Variance,0.40410327911376953
Distance_In_Range_Percent,96.0
