metric,value
MAE_Speed,1.9019689559936523
MSE_Speed,5.705525875091553
RMSE_Speed,2.3886241912841797
MAE_Distance,1.069717442591985
Mean_Speed_Diff,10.067820802032948
Mean_Absolute_Jerk,0.3745262622833252
Jerk_Variance,0.22732511162757874
Distance_In_Range_Percent,72.33333333333334
